{
  "version": "v4-cross-section",
  "samples": 246,
  "features": 11,
  "feature_names": [
    "RS归一",
    "RS评分",
    "多因子",
    "RS原始",
    "板块动量",
    "板块均分",
    "当日涨跌",
    "RS等级",
    "趋势标签",
    "布林位置",
    "价格位置"
  ],
  "mae": 2.0,
  "r2": 0.415,
  "dir_acc": 0.82,
  "feature_importance": {
    "价格位置": 0.3973256914416283,
    "当日涨跌": 0.2181135495617988,
    "RS评分": 0.10544419802754443,
    "布林位置": 0.08000779801564246,
    "多因子": 0.07312595154656971,
    "趋势标签": 0.06811668036689855,
    "RS归一": 0.02890578317074127,
    "板块均分": 0.015951051216703212,
    "板块动量": 0.008345815607228337,
    "RS等级": 0.0046634810452448015,
    "RS原始": 0.0
  }
}